Month,Year,Date,Industry_members,Production,A,B,C,D,E,Taxable Withdrawals by Tax Class,AA,BB,CC,DD,EE,Taxable Withdrawals by Bulk vs Bottled,Bottled,Bulk,Tax Free Withrdawalsa,AAA,BBB,CCC,DDD,EEE,Bottled Exports,Bulk Exports,Stocks on Hand End-of-Period,AAAA,BBBB,FFFF,CCCC,DDDD,EEEE,Stocks on Hand End-of-Period by Bulk vs Bottled,Bottled,Bulk
April ,2025,April ,"1,423","16,136,981","9,391,440","3,390,877","1,943,689","207,310","1,203,666","43,312,199","38,600,054","693,858","1,546,853","207,679","2,263,756","43,312,199","42,092,680","1,219,519","8,693,045","5,161,982","2,933,967",N/A,N/A,"4,007,988","1,557,651","2,450,337","937,407,023","894,849,254","10,483,379","2,760,825","25,210,461","1,130,270","2,972,834","937,407,023","176,908,027","760,498,995"
,, 2025,,,,,,,,,,,,,,,,,,,,,,,,,,,,,,,,,,
April ,2024,April ,"1,539","20,434,383","12,429,395","2,899,662","3,237,838","109,013","1,758,476","45,781,573","40,245,060","778,146","1,831,351","353,267","2,573,749","45,781,573","43,600,824","2,180,749","12,272,941","6,849,174","4,811,988","48,289","563,490","5,692,811","2,204,704","3,488,107","1,017,623,857","975,687,488","10,181,414","2,712,737","23,626,274","1,201,510","4,214,435","1,017,623,857","175,153,848","842,470,009"
,, 2024,,,,,,,,,,,,,,,,,,,,,,,,,,,,,,,,,,
April ,2023,April ,"1,572","21,458,600","13,307,795","3,144,143","3,006,758","127,924","1,871,979","46,690,855","41,033,548","663,555","1,875,996","237,292","2,880,465","46,690,855","45,628,895","1,061,960","9,854,846","5,961,027","3,353,814",N/A,N/A,"4,585,409","2,269,730","2,315,678","973,092,223","931,344,143","10,723,222","2,247,110","23,655,624","1,266,215","3,855,909","973,092,223","185,199,392","787,892,831"
,, 2023,,,,,,,,,,,,,,,,,,,,,,,,,,,,,,,,,,
April ,2022,April ,"1,632","19,432,578","12,109,883","2,737,938","2,548,613","271,977","1,764,168","52,012,312","46,463,875","805,806","1,921,278","278,825","2,542,528","52,012,312","51,296,885","715,427","11,398,390","8,105,059","2,760,059","66,165","467,107","7,547,073","3,663,044","3,884,029","968,709,005","927,785,053","12,339,703","1,589,025","21,933,347","1,464,999","3,596,877","968,709,005","181,873,775","786,835,229"
,, 2022,,,,,,,,,,,,,,,,,,,,,,,,,,,,,,,,,,
April ,2021,April ,"1,662","14,809,036","8,708,705","1,649,764","2,599,444","263,518","1,587,604","58,054,085","51,445,671","1,078,775","2,449,354","274,778","2,805,507","58,054,085","57,825,299","228,785","11,319,345","9,142,572","1,450,928","83,432","642,413","8,163,377","3,304,126","4,859,252","990,595,851","951,804,165","11,802,791","1,749,599","20,400,502","851,407","3,987,387","990,595,851","190,605,315","799,990,535"
,, 2021,,,,,,,,,,,,,,,,,,,,,,,,,,,,,,,,,,
April ,2020,April ,"1,664","21,282,068","16,125,143","1,787,948","2,219,335","182,611","967,032","56,170,885","51,229,283","556,380","1,419,969","145,777","2,819,475","56,170,885","54,678,167","1,492,718","11,410,354","9,446,678","1,568,018","46,090","349,569","8,638,033","2,755,640","5,882,393","1,091,470,003","1,049,667,006","14,305,053","2,301,460","21,107,446","845,834","3,243,205","1,091,470,003","181,487,645","909,982,358"
,, 2020,,,,,,,,,,,,,,,,,,,,,,,,,,,,,,,,,,
April ,2019,April ,"1,700","19,598,702","13,777,655","1,537,877","2,955,688","85,535","1,241,946","55,138,508","49,184,736","622,241","1,773,114","140,189","3,418,229","55,138,508","54,091,546","1,046,962","9,732,184","8,918,497","641,325",N/A,N/A,"7,895,419","3,067,730","4,827,689","1,112,530,406","1,070,828,546","15,273,416","873,487","21,352,936","669,851","3,532,170","1,112,530,406","183,192,561","929,337,845"
,, 2019,,,,,,,,,,,,,,,,,,,,,,,,,,,,,,,,,,
April ,2018,April ,"1,712","16,397,276","9,092,686","2,189,601","3,716,910","154,692","1,243,389","58,351,466","51,590,184","784,004","1,921,014","65,090","3,991,175","58,351,466","57,590,376","761,090","9,347,557","8,421,187","624,027","88,022","214,321","7,836,699","3,726,094","4,110,606","1,058,806,118","1,017,147,384","14,820,711","989,719","21,908,053","398,251","3,541,998","1,058,806,118","187,539,294","871,266,824"
,, 2018,,,,,,,,,,,,,,,,,,,,,,,,,,,,,,,,,,
April ,2017,April ,"1,783","11,591,648","7,529,140",N/A,"2,990,951","3,031",N/A,"50,951,399","41,038,848","4,806,413","1,860,594","59,759","3,185,785","50,951,399","50,056,238","895,161","9,752,412","7,603,252","1,923,970","120,466","104,725","7,924,102","4,122,978","3,801,124","1,027,284,824","776,262,745","226,401,033","1,003,651","20,068,501","267,425","3,281,468","1,027,284,824","196,536,582","830,748,242"
,, 2017,,,,,,,,,,,,,,,,,,,,,,,,,,,,,,,,,,
April ,2016,April ,"1,749","13,547,375","8,759,544",N/A,"3,271,485","5,677",N/A,"55,106,678","44,221,642","5,304,361","1,975,608","61,110","3,543,957","55,106,678","52,201,125","2,905,553","11,364,178","7,578,000","3,595,051","105,165","85,962","7,879,182","4,209,999","3,669,182","995,545,487","745,328,375","225,536,578","1,561,221","19,279,874","309,942","3,529,497","995,545,487","188,919,849","806,625,638"
,, 2016,,,,,,,,,,,,,,,,,,,,,,,,,,,,,,,,,,
August ,2025,August ,"1,371","18,758,460","13,048,880","2,775,448","1,465,019","86,353","1,382,761","42,218,875","36,548,629","612,799","1,532,491","388,971","3,135,986","42,218,875",N/A,N/A,"15,287,153","10,858,932",N/A,"34,026",N/A,"4,374,150","993,979","3,380,172","802,196,241","760,664,574","10,354,757","1,795,059","24,797,447","1,677,636","2,906,770","802,196,241","186,395,167","615,801,075"
,, 2025,,,,,,,,,,,,,,,,,,,,,,,,,,,,,,,,,,
August ,2024,August ,"1,531","20,104,337","13,171,513","2,978,461","2,180,121","100,623","1,673,620","47,786,379","41,752,606","658,075","1,997,475","224,074","3,154,149","47,786,379","45,285,163","2,501,215","13,229,604","8,387,522","4,317,648","34,450","489,985","7,056,038","2,519,360","4,536,678","862,915,898","816,842,443","11,717,122","2,271,095","26,177,719","1,191,857","4,715,663","862,915,898","188,817,634","674,098,264"
,, 2024,,,,,,,,,,,,,,,,,,,,,,,,,,,,,,,,,,
August ,2023,August ,"1,576","17,864,103","7,862,811","4,948,062","2,724,471","93,543","2,235,216","50,703,958","43,972,986","743,858","2,366,771","240,682","3,379,661","50,703,958","49,869,972","833,985","15,801,596","8,565,561","6,427,023","69,175","739,836","6,459,882","2,755,520","3,704,363","803,720,940","757,907,699","13,186,176","2,096,879","25,635,548","1,144,658","3,749,979","803,720,940","201,315,742","602,405,197"
,, 2023,,,,,,,,,,,,,,,,,,,,,,,,,,,,,,,,,,
August ,2022,August ,"1,639","42,886,849","28,019,309","8,872,770","3,949,875","137,815","1,907,080","53,377,572","47,109,232","785,010","2,190,513","220,654","3,072,163","53,377,572","52,095,318","1,282,254","14,822,873","8,749,566","5,533,727",N/A,N/A,"6,702,004","3,215,640","3,486,365","816,784,617","771,017,925","11,012,157","4,788,879","25,737,856","1,460,135","2,767,664","816,784,617","199,971,417","616,813,200"
,, 2022,,,,,,,,,,,,,,,,,,,,,,,,,,,,,,,,,,
August ,2021,August ,"1,637","42,095,743","26,544,493",N/A,N/A,"197,138","1,559,503","57,308,390","51,422,503","816,024","2,353,732","204,145","2,511,987","57,308,390","57,057,903","250,488","12,378,939","9,092,366","2,715,515","202,366","368,692","7,772,529","3,080,290","4,692,239","811,561,002","765,402,752","11,273,284","6,908,484","22,860,084","1,409,750","3,706,648","811,561,002","206,473,972","605,087,030"
,, 2021,,,,,,,,,,,,,,,,,,,,,,,,,,,,,,,,,,
August ,2020,August ,"1,663","43,323,441","29,259,255","10,068,674","2,514,465","185,239","1,295,809","58,852,926","52,539,762","819,671","2,161,012","191,766","3,140,715","58,852,926","57,926,477","926,449","13,859,832","10,604,078","2,941,875","51,529","262,350","9,064,651","3,092,043","5,972,607","900,185,324","854,562,595","11,870,746","7,139,769","23,133,776","819,235","2,659,203","900,185,324","204,266,518","695,918,806"
,, 2020,,,,,,,,,,,,,,,,,,,,,,,,,,,,,,,,,,
August ,2019,August ,"1,680","33,883,336","21,632,365","7,984,258","2,779,928","207,746","1,279,039","62,040,402","54,592,388","957,146","2,538,679","169,611","3,782,577","62,040,402","60,594,701","1,445,701","11,193,887","10,266,990","521,762",N/A,N/A,"9,170,759","3,547,958","5,622,801","913,088,913","870,481,078","13,346,979",N/A,"19,992,873","714,193",N/A,"913,088,913","207,411,876","705,677,037"
,, 2019,,,,,,,,,,,,,,,,,,,,,,,,,,,,,,,,,,
August ,2018,August ,"1,698","39,365,211","22,521,572","12,195,399","2,906,569","132,135","1,609,535","65,657,343","57,958,703","1,005,830","2,758,069","145,659","3,789,081","65,657,343","64,337,741","1,319,602","7,864,177","6,928,078","697,120","136,753","102,226","6,286,228","3,488,681","2,797,548","852,686,856","808,124,034","14,781,554","2,514,511","23,142,844","529,528","3,594,386","852,686,856","202,717,313","649,969,543"
,, 2018,,,,,,,,,,,,,,,,,,,,,,,,,,,,,,,,,,
August ,2017,August ,"1,773","46,444,619","34,323,081",N/A,N/A,"2,038","1,651,759","59,067,209","46,130,405","6,272,846","2,393,834","71,933","4,198,191","59,067,209","58,383,121","684,088","11,973,381","10,429,170","1,334,135","118,129","91,947","9,729,629","4,369,389","5,360,240","790,490,678","586,393,579","174,359,524","2,207,004","24,195,519","342,531","2,992,521","790,490,678","223,937,722","566,552,956"
,, 2017,,,,,,,,,,,,,,,,,,,,,,,,,,,,,,,,,,
August ,2016,August ,"1,762","91,025,721","69,960,839","16,962,422","2,912,058","20,114","1,170,288","57,494,375","44,571,623","6,280,827","2,190,328","66,992","4,384,604","57,494,375","56,186,095","1,308,280","11,413,105","10,059,147","1,108,006","138,674","107,279","10,034,237","5,450,434","4,583,803","855,612,192","640,640,663","180,828,658",N/A,"21,946,833","280,547",N/A,"855,612,192","213,303,762","642,308,429"
,, 2016,,,,,,,,,,,,,,,,,,,,,,,,,,,,,,,,,,
December ,2025,December ,"7,935","106,843,616","100,061,841","2,456,278","998,740","278,372","3,048,385","53,060,195","46,494,278","871,326","1,587,408","614,614","3,492,569","53,060,195","51,403,757","1,656,438","11,120,453","6,769,153","4,148,232","42,182","160,886","3,280,788","1,449,128","1,831,660","1,022,706,307","965,017,539","10,240,513","3,689,066","37,170,047","1,900,842","4,688,301","1,022,706,307","172,147,409","850,558,898"
,, 2025,,,,,,,,,,,,,,,,,,,,,,,,,,,,,,,,,,
December ,2024,December ,"8,803","133,861,507","125,066,600","3,921,279","1,099,811","242,147","3,531,671","60,443,621","52,866,037","917,456","2,320,132","382,118","3,957,879","60,443,621","58,055,037","2,388,584","12,761,996","8,785,784",N/A,"76,133","404,706","5,645,402","2,178,945","3,466,457","1,100,431,670","1,052,436,059","12,880,024","2,387,297","25,314,595","1,318,403","6,095,292","1,100,431,670","184,087,208","916,344,463"
,, 2024,,,,,,,,,,,,,,,,,,,,,,,,,,,,,,,,,,
December ,2023,December ,"9,237","215,007,058","205,199,816","3,903,171","1,461,378","171,285","4,271,409","62,980,771","54,714,732","932,694","2,515,628","358,587","4,459,130","62,980,771","60,604,008","2,376,762","12,956,813","7,311,353","5,012,415","56,298","576,747","4,365,933","2,020,500","2,345,434","1,151,581,227","1,104,704,255","13,511,900","1,762,833","23,971,234","1,309,337","6,321,669","1,151,581,227","185,900,441","965,680,786"
,, 2023,,,,,,,,,,,,,,,,,,,,,,,,,,,,,,,,,,
December ,2022,December ,"9,270","157,753,898","144,567,616","6,512,463","1,189,017","182,620","5,302,182","66,071,458","57,187,247","1,145,974","2,912,901","367,287","4,458,049","66,071,458","64,206,614","1,864,844","11,843,521","8,151,155",N/A,N/A,N/A,"4,716,501","2,503,790","2,212,711","1,110,043,579","1,065,321,064","11,962,394","2,519,995","22,931,753","1,337,501","5,970,872","1,110,043,579","190,602,550","919,441,029"
,, 2022,,,,,,,,,,,,,,,,,,,,,,,,,,,,,,,,,,
December ,2021,December ,"9,032","154,122,217","144,248,738",N/A,N/A,"249,288","4,601,223","69,991,021","60,355,416","897,551","3,161,123","380,555","5,196,375","69,991,021","68,690,022","1,300,999","10,981,285","7,716,519","2,693,803","76,143","494,820","5,888,872","2,280,617","3,608,255","1,112,935,283","1,061,369,810","20,673,214","2,139,451","21,003,229","1,415,891","6,333,687","1,112,935,283","200,905,632","912,029,651"
,, 2021,,,,,,,,,,,,,,,,,,,,,,,,,,,,,,,,,,
December ,2020,December ,"8,664","148,655,393","139,051,311","2,568,632","1,860,336","243,686","4,931,427","73,396,293","63,814,838","811,175","3,058,768","584,539","5,126,972","73,396,293",N/A,N/A,"11,404,102","9,037,830","1,276,010","113,576","976,685","6,670,815","2,827,289","3,843,526","1,158,562,621","1,107,132,564","22,975,142","1,485,310","20,382,338","935,914","5,651,353","1,158,562,621","196,952,353","961,610,268"
,, 2020,,,,,,,,,,,,,,,,,,,,,,,,,,,,,,,,,,
December ,2019,December ,"8,396","175,839,875","166,468,780","3,769,928","911,935","292,951","4,396,282","71,600,153","61,314,245","1,196,407","3,092,215","300,036","5,697,250","71,600,153","69,854,594","1,745,559","9,134,718","8,043,477","740,315","82,984","267,942","6,287,698","2,752,145","3,535,553","1,256,340,780","1,200,764,509","27,983,426","1,753,831","19,596,546","976,477","5,265,991","1,256,340,780","204,912,643","1,051,428,137"
,, 2019,,,,,,,,,,,,,,,,,,,,,,,,,,,,,,,,,,
December ,2018,December ,"8,026","214,034,971","205,336,112","3,020,451","1,459,970","165,046","4,053,393","74,066,620","64,155,100","1,022,882","2,968,376","254,320","5,665,942","74,066,620","72,439,895","1,626,725","11,401,272","10,456,915","789,773",N/A,N/A,"6,381,219","2,875,575","3,505,644","1,247,262,197","1,203,495,992","18,314,032","742,985","19,051,303","462,387","5,195,497","1,247,262,197","188,042,133","1,059,220,063"
,, 2018,,,,,,,,,,,,,,,,,,,,,,,,,,,,,,,,,,
December ,2017,December ,"7,923","196,368,476","128,390,460","63,177,562",N/A,N/A,N/A,"71,698,455","54,303,743","9,385,623","2,922,222","188,689","4,898,178","71,698,455","70,538,804","1,159,650","11,358,934","9,592,518","1,558,293","67,385","140,738","6,764,982","2,966,766","3,798,216","1,233,896,244","938,170,736","271,054,789","596,867","19,343,959","274,846","4,455,046","1,233,896,244","200,659,663","1,033,236,581"
,, 2017,,,,,,,,,,,,,,,,,,,,,,,,,,,,,,,,,,
December ,2016,December ,"7,643","160,845,479","104,495,996","51,399,625","1,634,964","105,772","3,209,122","72,615,474","55,092,026","9,010,384","3,283,727","192,477","5,036,859","72,615,474","69,615,724","2,999,750","10,265,644","8,280,274","1,172,107",N/A,N/A,"7,292,525","4,018,431","3,274,094","1,169,959,171","892,721,411","253,318,343","1,435,190","16,861,408","317,307","5,305,512","1,169,959,171","189,277,885","980,681,287"
,, 2016,,,,,,,,,,,,,,,,,,,,,,,,,,,,,,,,,,
February ,2025,February ,"1,436","30,696,969","24,301,701","2,599,737","2,494,943","126,725","1,173,863","44,393,480","39,877,369","700,614","1,501,075","186,282","2,128,140","44,393,480","40,532,201","3,861,279","10,252,461","6,145,565","3,786,655","34,769","285,472","5,342,734","1,825,434","3,517,300","988,935,800","946,475,501","10,901,314","1,604,872","25,141,845","891,088","3,921,180","988,935,800","168,743,133","820,192,667"
,, 2025,,,,,,,,,,,,,,,,,,,,,,,,,,,,,,,,,,
February ,2024,February ,"1,553","38,783,240","31,269,195","3,623,436","2,112,459","126,400","1,651,751","47,373,117","42,417,934","935,743","1,661,533","212,427","2,145,480","47,373,117","45,481,995","1,891,122","13,335,812","6,480,301","6,459,086","65,367","331,058","5,018,102","2,144,185","2,873,917","1,074,462,128","1,033,505,702","11,227,304","2,088,118","22,374,892","1,111,593","4,154,518","1,074,462,128","170,889,042","903,573,086"
,, 2024,,,,,,,,,,,,,,,,,,,,,,,,,,,,,,,,,,
February ,2023,February ,"1,596","31,214,067","23,415,305","3,609,968","2,413,459","112,363","1,662,973","48,059,369","42,532,938","1,020,961","1,806,251","185,275","2,513,944","48,059,369","47,429,317","630,052","9,227,840","5,490,656",N/A,"37,047",N/A,"4,487,395","2,165,059","2,322,336","1,039,011,029","997,507,445","11,350,008","2,375,591","22,535,184","1,141,037","4,101,764","1,039,011,029","179,928,961","859,082,068"
,, 2023,,,,,,,,,,,,,,,,,,,,,,,,,,,,,,,,,,
February ,2022,February ,"1,623","43,393,257","35,954,481","4,177,298","1,720,927","118,172","1,422,378","51,079,140","45,083,198","611,460","2,012,054","151,982","3,220,445","51,079,140","50,436,814","642,326","10,896,253","7,314,125",N/A,"73,652",N/A,"6,215,457","2,483,073","3,732,384","1,053,947,655","1,013,082,247","12,096,502","2,652,799","20,816,510","1,336,923","3,962,674","1,053,947,655","180,227,199","873,720,456"
,, 2022,,,,,,,,,,,,,,,,,,,,,,,,,,,,,,,,,,
February ,2021,February ,"1,645","49,428,862","41,303,513","3,872,954","2,287,511","241,706","1,723,178","51,779,129","46,080,210","823,751","1,760,599","274,181","2,840,387","51,779,129","51,585,178","193,951","9,175,995","7,662,933","810,002",N/A,N/A,"6,402,149","2,675,798","3,726,351","1,078,948,250","1,039,037,340","13,300,715","1,840,327","19,904,568","765,631","4,099,670","1,078,948,250","181,849,119","897,099,131"
,, 2021,,,,,,,,,,,,,,,,,,,,,,,,,,,,,,,,,,
February ,2020,February ,"1,683","32,676,678","24,717,286","4,477,705","2,267,616","181,257","1,032,813","54,790,940","49,136,866","892,274","1,989,948","155,804","2,616,048","54,790,940","53,137,174","1,653,767","9,245,651","8,181,195","775,347",N/A,N/A,"6,714,368","2,514,333","4,200,035","1,174,193,636","1,130,464,657","16,275,413","3,741,330","19,668,822","778,344","3,265,071","1,174,193,636","180,432,615","993,761,021"
,, 2020,,,,,,,,,,,,,,,,,,,,,,,,,,,,,,,,,,
February ,2019,February ,"1,675","46,391,448","40,148,080","2,401,005","2,506,601","185,142","1,150,620","51,568,405","45,594,530","817,930","1,519,846","85,606","3,550,493","51,568,405","50,608,154","960,252","9,292,650","8,189,548","878,606","44,201","180,296","7,022,799","2,202,913","4,819,886","1,189,188,579","1,149,588,704","15,417,905","964,099","19,397,326","506,901","3,313,644","1,189,188,579","171,496,471","1,017,692,108"
,, 2019,,,,,,,,,,,,,,,,,,,,,,,,,,,,,,,,,,
February ,2018,February ,"1,691","41,727,244","35,679,598","2,583,652","1,915,508",N/A,N/A,"51,730,203","45,707,168","861,242","1,709,299","41,516","3,410,979","51,730,203","51,217,495","512,708","9,409,442","8,509,603","709,004","113,148","77,687","7,826,430","3,571,016","4,255,414","1,147,978,042","1,079,222,064","44,102,954","729,553","20,449,791","277,857","3,195,824","1,147,978,042","190,109,522","957,868,520"
,, 2018,,,,,,,,,,,,,,,,,,,,,,,,,,,,,,,,,,
February ,2017,February ,"1,776","44,731,148","27,732,634","13,637,773","2,381,077","1,885","977,779","50,951,313","41,475,747","4,771,090","1,746,110","42,852","2,915,514","50,951,313","49,035,595","1,915,718","8,641,943","7,379,779","945,705","100,163","216,297","7,081,185","3,967,272","3,113,913","1,111,404,231","849,387,996","239,587,750","1,064,238","17,550,676","256,512","3,557,059","1,111,404,231","184,801,299","926,602,931"
,, 2017,,,,,,,,,,,,,,,,,,,,,,,,,,,,,,,,,,
February ,2016,February ,"1,739","31,989,256","23,863,569","5,389,438","1,433,695","15,063","1,287,492","54,022,671","44,079,982","4,988,658","1,507,132","58,932","3,387,968","54,022,671","51,339,018","2,683,653","8,643,749","7,739,857","750,004","84,847","69,040","7,657,056","4,911,365","2,745,691","1,079,538,145","813,085,256","244,749,361","798,535","16,673,648","304,418","3,926,927","1,079,538,145","180,726,105","898,812,039"
,, 2016,,,,,,,,,,,,,,,,,,,,,,,,,,,,,,,,,,
January ,2025,January ,"1,462","44,010,747","38,203,388","2,399,418","2,028,361","64,585","1,314,996","43,893,678","38,657,284","768,489","1,689,034","206,180","2,572,691","43,893,678","42,325,048","1,568,630","10,786,217","6,484,837","3,960,448","24,655","316,278","5,699,333","1,778,285","3,921,048","1,006,496,813","964,283,186","10,926,173","2,080,797","24,358,622","921,702","3,926,333","1,006,496,813","166,481,602","840,015,211"
,, 2025,,,,,,,,,,,,,,,,,,,,,,,,,,,,,,,,,,
January ,2024,January ,"1,570","61,248,315","54,175,571","3,360,178","1,994,068","99,484","1,619,013","48,330,671","42,341,150","825,565","1,875,433","157,505","3,131,016","48,330,671","46,237,346","2,093,325","12,634,420","7,133,222",N/A,"62,775",N/A,"5,020,100","2,141,441","2,878,659","1,093,353,771","1,051,993,858","11,968,605","1,876,808","22,363,936","1,156,485","3,994,079","1,093,353,771","171,283,452","922,070,320"
,, 2024,,,,,,,,,,,,,,,,,,,,,,,,,,,,,,,,,,
January ,2023,January ,"1,602","61,480,896","54,837,249","3,229,916","1,667,076","69,922","1,676,731","50,196,136","44,609,170","806,919","1,778,649","171,395","2,830,003","50,196,136","48,877,375","1,318,762","9,854,477","6,433,053","3,038,593","53,720","329,111","4,744,818","2,127,673","2,617,146","1,061,220,628","1,020,074,647","11,277,265","2,342,635","22,235,622","1,186,614","4,103,843","1,061,220,628","175,463,042","885,757,585"
,, 2023,,,,,,,,,,,,,,,,,,,,,,,,,,,,,,,,,,
January ,2022,January ,"1,642","70,271,162","64,196,944","2,405,290","2,091,484","143,750","1,433,694","50,185,948","44,511,930","575,003","1,846,555","149,428","3,103,032","50,185,948","49,022,653","1,163,295","8,769,640","5,383,035","3,077,880","55,769","252,956","4,229,736","2,069,440","2,160,295","1,076,306,276","1,035,213,476","12,545,149","1,890,785","21,156,076","1,343,369","4,157,421","1,076,306,276","186,692,414","889,613,863"
,, 2022,,,,,,,,,,,,,,,,,,,,,,,,,,,,,,,,,,
January ,2021,January ,"1,692","48,870,102","43,402,954","2,027,194","1,516,716","259,683","1,663,554","50,218,021","44,586,168","531,720","1,553,537","164,499","3,382,095","50,218,021","49,909,925","308,096","9,101,258","6,976,836","1,459,790","85,765","578,866","5,649,292","2,340,629","3,308,663","1,080,813,783","1,041,165,295","13,760,511","1,640,264","19,671,818","868,806","3,707,088","1,080,813,783","179,909,040","900,904,744"
,, 2021,,,,,,,,,,,,,,,,,,,,,,,,,,,,,,,,,,
January ,2020,January ,"1,741","77,378,663","70,263,208","2,948,474","2,952,145","106,961","1,107,876","56,818,272","50,999,409","867,050","1,956,358","149,962","2,845,493","56,818,272","54,198,090","2,620,182","9,665,350","8,572,296","750,650","121,210","221,193","7,503,237","2,816,237","4,687,001","1,205,346,572","1,160,750,220","17,905,316","2,449,890","19,957,003","775,847","3,508,296","1,205,346,572","183,811,164","1,021,535,409"
,, 2020,,,,,,,,,,,,,,,,,,,,,,,,,,,,,,,,,,
January ,2019,January ,"1,724","80,215,572","73,802,882","2,372,629","2,599,540","66,850","1,373,670","60,426,353","53,463,921","892,540","1,913,705","70,266","4,085,922","60,426,353","59,500,981","925,372","10,826,483","9,903,405","660,661",N/A,N/A,"8,363,133","3,115,954","5,247,179","1,202,230,572","1,162,154,422","15,888,510","1,478,073","18,884,049","405,905","3,419,613","1,202,230,572","171,243,451","1,030,987,121"
,, 2019,,,,,,,,,,,,,,,,,,,,,,,,,,,,,,,,,,
January ,2018,January ,"1,722","49,163,221","39,323,743","6,096,359","2,406,905",N/A,N/A,"51,760,054","45,409,383","1,250,581","1,588,443","38,764","3,472,883","51,760,054","50,325,281","1,434,773","9,029,641","7,917,834","824,446","143,460","143,901","7,245,134","3,389,471","3,855,663","1,162,982,249","1,083,309,795","55,140,447","839,455","20,384,091","254,857","3,053,605","1,162,982,249","191,067,383","971,914,867"
,, 2018,,,,,,,,,,,,,,,,,,,,,,,,,,,,,,,,,,
January ,2017,January ,"1,805","66,788,746","45,771,591","17,025,649","3,045,803","4,506","941,196","49,452,156","39,560,190","4,983,296","1,716,073","33,407","3,159,192","49,452,156","48,404,820","1,047,336","8,725,199","7,228,102","1,154,054","73,620","269,424","7,039,678","3,701,358","3,338,320","1,130,256,932","866,657,750","239,405,454","2,224,292","17,936,328","207,655","3,825,451","1,130,256,932","182,018,408","948,238,524"
,, 2017,,,,,,,,,,,,,,,,,,,,,,,,,,,,,,,,,,
January ,2016,January ,"1,762","51,244,081","34,485,924","13,611,051","2,304,689","11,050","831,368","48,267,129","38,705,458","4,675,859","1,362,699","54,272","3,468,842","48,267,129","46,402,873","1,864,257","9,779,534","8,752,265","889,997","107,787","29,485","8,703,884","4,647,157","4,056,727","1,117,168,915","843,750,106","251,389,858","889,719","16,915,042","402,446","3,821,744","1,117,168,915","181,759,772","935,409,143"
,, 2016,,,,,,,,,,,,,,,,,,,,,,,,,,,,,,,,,,
July ,2025,July ,"1,381","12,453,308","6,739,801","1,965,476","1,872,803","315,475","1,559,753","43,426,418","38,120,279","591,168","1,882,922","386,644","2,445,405","43,426,418","41,553,546","1,872,872","10,309,402","6,176,452","3,578,350",N/A,N/A,"5,278,573","1,261,823","4,016,750","838,558,299","796,016,073","10,849,158","1,742,927","25,262,723","1,628,814","3,058,605","838,558,299","185,467,829","653,090,470"
,, 2025,,,,,,,,,,,,,,,,,,,,,,,,,,,,,,,,,,
July ,2024,July ,"1,526","9,827,730","1,953,215","3,678,924","2,574,020","87,420","1,534,150","42,791,437","37,632,174","656,855","1,730,639","215,455","2,556,314","42,791,437","41,005,570","1,785,867","11,730,166","6,530,177","4,537,162","35,979","626,847","5,358,660","1,961,341","3,397,319","899,854,559","853,597,656","11,890,244","3,037,151","25,979,858","1,219,884","4,129,766","899,854,559","180,309,542","719,545,017"
,, 2024,,,,,,,,,,,,,,,,,,,,,,,,,,,,,,,,,,
July ,2023,July ,"1,571","11,573,570","4,425,078","3,022,599","2,197,998","124,552","1,803,342","45,089,457","39,631,504","617,545","1,758,726","223,254","2,858,428","45,089,457","43,657,945","1,431,512","9,756,980","5,609,420","3,627,118",N/A,N/A,"4,552,930","1,967,826","2,585,104","849,483,678","804,071,106","12,387,342","2,066,298","25,836,518","1,202,564","3,919,850","849,483,678","197,259,440","652,224,238"
,, 2023,,,,,,,,,,,,,,,,,,,,,,,,,,,,,,,,,,
July ,2022,July ,"1,619","9,223,167","1,907,116","2,146,860","3,462,451","209,196","1,497,544","47,491,846","42,003,985","660,427","1,880,947","214,106","2,732,381","47,491,846","46,503,417","988,429","10,014,876","6,342,794","3,009,483","82,780","579,819","5,457,501","2,595,161","2,862,340","843,012,621","801,706,011","11,067,507","1,698,509","24,216,243","1,436,059","2,888,292","843,012,621","194,933,267","648,079,354"
,, 2022,,,,,,,,,,,,,,,,,,,,,,,,,,,,,,,,,,
July ,2021,July ,"1,657","10,590,593","2,324,756","2,738,534","3,398,049","289,229","1,840,024","55,371,347","49,173,439","558,550","2,415,435","251,344","2,972,578","55,371,347","54,873,531","497,816","12,007,862","8,848,650","2,568,535",N/A,N/A,"7,843,452","2,927,026","4,916,427","833,648,148","792,700,373","11,481,722","2,309,390","21,823,438","1,337,365","3,995,859","833,648,148","201,929,113","631,719,035"
,, 2021,,,,,,,,,,,,,,,,,,,,,,,,,,,,,,,,,,
July ,2020,July ,"1,674","12,381,600","6,532,582","2,072,785","2,546,839","96,048","1,133,347","58,873,205","52,471,012","1,146,246","1,835,445","218,714","3,201,788","58,873,205","56,821,450","2,051,754","12,952,761","11,484,747","1,187,649","44,535","235,830","9,696,166","3,116,173","6,579,992","929,923,730","887,198,164","12,420,329","3,802,234","22,975,088","761,318","2,766,596","929,923,730","196,951,543","732,972,186"
,, 2020,,,,,,,,,,,,,,,,,,,,,,,,,,,,,,,,,,
July ,2019,July ,"1,682","11,886,940","5,293,791","1,960,053","2,812,968","380,587","1,439,539","52,964,077","46,603,597","625,996","1,804,011","200,379","3,730,094","52,964,077","51,648,883","1,315,194","8,810,214","7,566,532","1,037,776",N/A,N/A,"7,027,158","3,086,122","3,941,036","961,211,164","919,267,888","13,786,553","1,076,896","23,144,400","706,130","3,229,297","961,211,164","202,719,996","758,491,168"
,, 2019,,,,,,,,,,,,,,,,,,,,,,,,,,,,,,,,,,
July ,2018,July ,"1,707","8,290,986","2,366,979","2,046,040","2,521,740","37,801","1,318,425","53,554,325","46,470,309","685,944","2,094,102","88,099","4,215,871","53,554,325","52,564,098","990,228","9,260,767","8,425,432","543,212","143,965","148,158","8,175,045","3,105,358","5,069,687","892,556,830","850,480,355","12,803,357","935,677","23,508,043","467,335","4,362,063","892,556,830","202,266,378","690,290,452"
,, 2018,,,,,,,,,,,,,,,,,,,,,,,,,,,,,,,,,,
July ,2017,July ,"1,783","11,148,881","7,698,524","-780,837","3,102,566","24,389","1,104,239","51,056,617","40,727,875","4,616,925","1,974,871","64,520","3,672,426","51,056,617","50,077,220","979,397","8,550,869","7,222,562","1,056,177","114,958","157,171","7,297,462","3,630,589","3,666,873","872,630,447","655,067,863","190,838,996","639,258","22,916,411","329,960","2,837,959","872,630,447","214,534,541","658,095,906"
,, 2017,,,,,,,,,,,,,,,,,,,,,,,,,,,,,,,,,,
July ,2016,July ,"1,753","10,484,238","12,750,214","-5,497,289","2,122,676","8,657","1,099,982","51,487,865","40,990,550","4,658,333","1,797,493","51,980","3,989,509","51,487,865","47,588,506","3,899,359","8,975,346","7,968,645","825,830","68,899","111,972","8,205,627","4,166,066","4,039,561","841,668,037","620,987,220","193,782,614","1,030,049","21,585,925","314,522","3,967,708","841,668,037","202,407,311","639,260,726"
,, 2016,,,,,,,,,,,,,,,,,,,,,,,,,,,,,,,,,,
June ,2025,June ,"3,474","13,404,384","7,417,838","2,148,365","1,822,377","191,079","1,824,725","49,439,210","43,785,965","676,339","1,363,389","383,922","3,229,595","49,439,210","48,041,500","1,397,710","10,280,782","6,252,193","3,793,852","31,022","203,715","4,390,347","1,248,072","3,142,275","905,673,871","860,911,122","11,844,670","1,659,329","26,233,928","1,351,647","3,673,174","905,673,871","190,763,806","714,910,064"
,, 2025,,,,,,,,,,,,,,,,,,,,,,,,,,,,,,,,,,
June ,2024,June ,"3,685","19,145,242","9,638,610","3,794,187","2,637,231","219,487","2,855,728","52,866,839","46,014,061","758,348","1,948,168","312,863","3,833,400","52,866,839","52,137,163","729,676","15,454,509","10,137,190","4,847,207","62,381","407,732","5,926,242","2,127,458","3,798,784","980,862,978","925,785,887","12,076,779","2,294,584","33,522,999","1,417,069","5,765,660","980,862,978","195,414,651","785,448,327"
,, 2024,,,,,,,,,,,,,,,,,,,,,,,,,,,,,,,,,,
June ,2023,June ,"3,720","16,501,293","7,887,038","2,815,233","2,728,465","159,682","2,910,874","58,862,044","51,485,016","774,441","2,217,770","387,458","3,997,360","58,862,044","56,633,282","2,228,763","12,371,679","7,899,462","3,914,056","65,905","492,256","5,613,714","2,613,250","3,000,464","914,843,891","867,860,253","12,047,561","1,882,333","26,235,645","1,254,476","5,563,624","914,843,891","200,222,783","714,621,108"
,, 2023,,,,,,,,,,,,,,,,,,,,,,,,,,,,,,,,,,
June ,2022,June ,"3,803","14,444,426","4,305,901","2,632,806","3,457,890","320,645","3,727,184","61,543,932","53,105,672","1,213,424","2,230,072","333,175","4,661,589","61,543,932","60,129,360","1,414,572","14,013,175","10,243,171","3,194,051","126,640","449,313","8,621,196","3,822,550","4,798,646","908,513,652","864,404,723","13,052,061","1,476,001","23,281,320","1,472,700","4,826,848","908,513,652","195,463,031","713,050,621"
,, 2022,,,,,,,,,,,,,,,,,,,,,,,,,,,,,,,,,,
June ,2021,June ,"3,683","15,994,780","6,956,692","2,109,199","3,090,036","411,003","3,427,849","67,990,847","59,436,992","817,002","2,471,421","327,048","4,938,383","67,990,847","67,384,710","606,136","13,119,067","9,449,399","2,999,450","61,673","608,544","8,178,678","3,002,225","5,176,453","906,163,377","864,414,273","11,999,325","1,878,626","21,339,995","1,311,100","5,220,058","906,163,377","205,346,295","700,817,083"
,, 2021,,,,,,,,,,,,,,,,,,,,,,,,,,,,,,,,,,
June ,2020,June ,"3,607","15,883,083","8,488,232","1,922,883","2,884,270","211,188","2,376,510","70,293,165","61,878,044","1,193,639","2,053,346","279,994","4,888,142","70,293,165","66,637,677","3,655,488","11,793,341","10,588,567","864,570","26,021","314,183","9,005,694","2,627,636","6,378,059","1,017,401,941","972,560,182","13,150,000","3,165,431","23,375,684","910,295","4,240,350","1,017,401,941","196,239,197","821,162,743"
,, 2020,,,,,,,,,,,,,,,,,,,,,,,,,,,,,,,,,,
June ,2019,June ,"3,627","15,046,472","7,138,895","1,643,180","3,389,900","238,371","2,636,126","61,833,649","53,579,353","680,616","2,049,250","211,668","5,312,762","61,833,649","60,557,558","1,276,091","9,149,315","8,008,348","822,773","84,820","233,373","6,152,897","3,048,572","3,104,325","1,036,900,424","992,823,568","15,467,408","878,370","22,786,857","744,839","4,199,380","1,036,900,424","199,604,950","837,295,474"
,, 2019,,,,,,,,,,,,,,,,,,,,,,,,,,,,,,,,,,
June ,2018,June ,"3,563","13,985,979","5,723,118","2,000,212","3,574,612","126,439","2,561,599","63,021,516","55,554,621","733,681","2,128,471","159,913","4,444,829","63,021,516","62,255,689","765,827","10,657,031","9,638,096","726,889","130,371","161,675","9,286,532","3,764,303","5,522,230","970,085,744","925,838,890","14,754,487","844,817","23,505,272","526,502","4,615,776","970,085,744","203,261,675","766,824,069"
,, 2018,,,,,,,,,,,,,,,,,,,,,,,,,,,,,,,,,,
June ,2017,June ,"3,522","14,185,245","8,095,185",N/A,"3,316,634",N/A,"2,326,548","62,853,519","49,322,796","6,109,855","2,131,298","125,751","5,163,819","62,853,519","62,017,763","835,756","10,474,666","8,966,670","1,201,990","79,178","226,827","8,608,888","4,459,687","4,149,201","945,011,444","703,732,633","213,795,213","818,991","21,845,250","1,070,471","3,748,887","945,011,444","214,878,155","730,133,289"
,, 2017,,,,,,,,,,,,,,,,,,,,,,,,,,,,,,,,,,
June ,2016,June ,"3,409","12,488,194","3,668,515","2,311,805","3,242,165",N/A,N/A,"63,792,892","49,536,044","6,761,267","2,058,186","196,571","5,240,823","63,792,892","62,273,986","1,518,907","10,567,835","9,168,672","1,216,188","75,469","107,505","9,084,320","5,258,621","3,825,699","912,694,287","669,630,161","215,934,467","1,104,771","21,409,987","328,313","4,286,587","912,694,287","204,784,924","707,909,363"
,, 2016,,,,,,,,,,,,,,,,,,,,,,,,,,,,,,,,,,
March ,2025,March ,"3,529","28,388,705","20,356,802","3,870,241","1,753,094","156,003","2,252,565","48,327,152","42,592,299","890,246","1,804,245","283,318","2,757,045","48,327,152","47,082,764","1,244,389","12,350,002","6,820,577","5,212,422","27,891","289,112","4,937,646","1,614,018","3,323,629","998,162,715","953,659,100","11,373,720","1,934,286","25,551,023","905,382","4,739,203","998,162,715","174,930,412","823,232,302"
,, 2025,,,,,,,,,,,,,,,,,,,,,,,,,,,,,,,,,,
March ,2024,March ,"3,765","33,877,280","25,646,595","3,365,345","2,120,416","154,265","2,590,660","52,831,096","46,831,790","791,623","1,666,307","287,835","3,253,542","52,831,096","51,001,176","1,829,920","12,733,898","7,006,421","5,167,709",N/A,N/A,"4,933,527","2,318,739","2,614,788","1,096,412,957","1,045,787,551","12,062,038","2,300,677","29,312,541","1,270,678","5,679,472","1,096,412,957","186,336,330","910,076,626"
,, 2024,,,,,,,,,,,,,,,,,,,,,,,,,,,,,,,,,,
March ,2023,March ,"3,746","31,067,417","21,235,184","3,375,568","2,854,545","253,318","3,348,802","61,444,451","53,760,136","1,165,379","2,298,859","339,512","3,880,565","61,444,451","60,205,842","1,238,609","14,055,609","9,208,012","4,191,802","48,372","607,424","5,985,806","2,949,558","3,036,249","1,035,354,838","991,410,263","11,351,721","2,212,550","23,369,105","1,334,594","5,676,605","1,035,354,838","189,118,618","846,236,221"
,, 2023,,,,,,,,,,,,,,,,,,,,,,,,,,,,,,,,,,
March ,2022,March ,"3,797","33,280,646","22,374,910","4,718,249","2,915,772","278,710","2,993,005","67,166,243","60,062,241","873,678","2,107,290","324,409","3,798,625","67,166,243","65,920,833","1,245,410","15,373,301","10,646,304","4,122,560","134,888","469,550","9,133,514","3,601,810","5,531,704","1,041,807,051","998,252,914","13,109,064","1,909,323","21,916,896","1,400,770","5,218,084","1,041,807,051","186,676,121","855,130,930"
,, 2022,,,,,,,,,,,,,,,,,,,,,,,,,,,,,,,,,,
March ,2021,March ,"3,711","31,483,382","22,535,519","2,408,784","2,980,289","400,334","3,158,455","70,349,947","62,741,428","1,332,915","2,029,705","331,840","3,914,060","70,349,947","70,148,024","201,923","11,975,206","9,694,249","1,471,807","129,358","679,792","8,233,268","3,138,799","5,094,469","1,052,636,754","1,010,044,997","13,058,384","1,656,680","21,170,362","976,156","5,730,175","1,052,636,754","189,427,396","863,209,359"
,, 2021,,,,,,,,,,,,,,,,,,,,,,,,,,,,,,,,,,
March ,2020,March ,"3,620","29,834,786","22,643,142","1,932,025","2,543,454","301,114","2,415,050","64,377,547","58,123,528","763,166","1,727,876","210,109","3,552,869","64,377,547","62,158,542","2,219,005","11,123,138","8,736,661","2,129,351","97,483","159,643","7,499,355","2,845,059","4,654,296","1,165,492,091","1,119,627,516","17,460,838","2,182,480","20,895,879","870,167","4,455,212","1,165,492,091","185,951,573","979,540,519"
,, 2020,,,,,,,,,,,,,,,,,,,,,,,,,,,,,,,,,,
March ,2019,March ,"3,633","37,689,505","27,162,631","5,856,245","2,046,000","347,311","2,277,319","64,043,287","56,852,743","790,569","1,833,490","210,587","4,355,899","64,043,287","62,992,619","1,050,668","10,909,338","9,066,297","1,734,965",N/A,N/A,"7,144,657","2,640,167","4,504,490","1,186,563,532","1,143,522,701","16,670,702","1,451,084","20,090,655","546,402","4,281,989","1,186,563,532","180,985,573","1,005,577,958"
,, 2019,,,,,,,,,,,,,,,,,,,,,,,,,,,,,,,,,,
March ,2018,March ,"3,533","28,511,624","18,562,576","4,894,175","2,613,336","184,050","2,257,487","67,881,154","60,456,303","902,434","1,853,015","77,792","4,591,610","67,881,154","66,829,463","1,051,690","9,871,198","7,752,118","1,733,306",N/A,N/A,"6,935,334","3,683,626","3,251,708","1,135,641,790","1,090,203,020","18,775,247","966,851","20,803,533","336,535","4,556,604","1,135,641,790","193,394,378","942,247,412"
,, 2018,,,,,,,,,,,,,,,,,,,,,,,,,,,,,,,,,,
March ,2017,March ,"3,525","27,622,408","16,295,549","5,658,462","3,449,808","115,293","2,103,296","62,865,691","49,387,601","7,427,492","1,677,250","61,546","4,311,803","62,865,691","60,866,286","1,999,405","10,794,811","8,620,605","1,503,435","123,828","546,943","8,569,034","4,244,040","4,324,994","1,099,206,131","827,045,177","246,065,819","1,786,877","19,884,023","282,479","4,141,755","1,099,206,131","197,362,067","901,844,063"
,, 2017,,,,,,,,,,,,,,,,,,,,,,,,,,,,,,,,,,
March ,2016,March ,"3,435","32,350,961","18,293,646","9,196,449","2,831,858",N/A,N/A,"62,771,171","49,985,739","7,171,058","1,659,296","76,201","3,878,877","62,771,171","60,668,320","2,102,851","11,061,034","9,914,164","1,000,566","88,944","57,360","9,460,590","5,021,508","4,439,082","1,072,472,769","797,520,845","249,928,805","1,599,349","18,611,633","353,108","4,459,028","1,072,472,769","190,425,253","882,047,516"
,, 2016,,,,,,,,,,,,,,,,,,,,,,,,,,,,,,,,,,
May ,2025,May ,"1,414","7,344,169","2,264,909","1,912,448","1,555,213","247,708","1,363,891","41,485,948","36,712,469","584,438","1,439,632","206,550","2,542,859","41,485,948","40,066,290","1,419,658","8,358,194","5,522,567",N/A,"49,660",N/A,"4,509,690","1,365,306","3,144,384","906,860,826","866,990,275","10,870,874","1,475,645","23,661,934","1,231,574","2,630,525","906,860,826","178,013,563","728,847,263"
,, 2025,,,,,,,,,,,,,,,,,,,,,,,,,,,,,,,,,,
May ,2024,May ,"1,546","17,622,204","10,225,325","2,606,476","2,894,986","161,676","1,733,741","47,128,997","41,403,251","858,886","1,660,958","270,946","2,934,956","47,128,997","45,207,774","1,921,223","15,673,123","10,371,671","4,783,019",N/A,N/A,"6,472,717","2,396,765","4,075,952","979,313,285","935,745,593","10,226,697","3,253,328","24,780,823","1,151,537","4,155,307","979,313,285","175,445,723","803,867,562"
,, 2024,,,,,,,,,,,,,,,,,,,,,,,,,,,,,,,,,,
May ,2023,May ,"1,580","15,686,144","6,155,145","4,229,614","3,085,464","142,685","2,073,236","46,761,274","40,881,159","696,071","1,957,003","259,878","2,967,163","46,761,274","46,216,605","544,669","10,449,848","5,937,392","4,057,913","36,286","418,258","4,683,993","2,665,924","2,018,069","930,979,064","886,455,877","11,823,802","2,011,356","24,862,575","1,306,360","4,519,095","930,979,064","194,567,665","736,411,399"
,, 2023,,,,,,,,,,,,,,,,,,,,,,,,,,,,,,,,,,
May ,2022,May ,"1,644","16,766,305","10,414,097","1,794,946","2,553,800","168,104","1,835,358","52,659,134","46,498,937","735,209","2,187,506","217,282","3,020,199","52,659,134","51,328,548","1,330,586","12,310,296","8,193,228","3,340,132","104,235","672,701","7,072,379","3,720,276","3,352,103","928,013,216","887,485,592","12,374,890","1,577,752","21,887,907","1,310,225","3,376,850","928,013,216","183,414,233","744,598,983"
,, 2022,,,,,,,,,,,,,,,,,,,,,,,,,,,,,,,,,,
May ,2021,May ,"1,636","11,922,148","5,246,174","1,774,112","3,052,437","341,467","1,507,958","57,614,449","51,008,465","834,059","2,381,121","294,669","3,096,134","57,614,449","57,267,514","346,936","10,809,504","8,621,813","1,405,213","91,688","690,789","7,692,600","3,296,392","4,396,208","931,722,535","892,451,210","12,064,682","1,797,802","20,322,574","1,028,183","4,058,083","931,722,535","190,419,187","741,303,348"
,, 2021,,,,,,,,,,,,,,,,,,,,,,,,,,,,,,,,,,
May ,2020,May ,"1,655","16,526,970","11,796,833","1,634,413","2,086,895","99,132","909,698","57,754,842","51,530,870","769,930","1,753,619","188,479","3,511,944","57,754,842",N/A,N/A,"10,040,478","8,375,349","1,325,536","42,458","297,134","7,599,937","2,176,153","5,423,784","1,044,391,845","1,002,531,586","12,909,532","3,133,079","21,561,767","813,132","3,442,748","1,044,391,845","184,672,075","859,719,770"
,, 2020,,,,,,,,,,,,,,,,,,,,,,,,,,,,,,,,,,
May ,2019,May ,"1,673","18,209,139","11,299,792","1,877,601","3,394,658","373,928","1,263,160","63,025,953","55,231,769","865,523","2,404,000","213,028","4,311,632","63,025,953","61,345,744","1,680,209","9,229,468","8,214,781","685,729","143,383","185,575","7,665,588","3,584,342","4,081,246","1,058,352,812","1,016,727,971","14,900,112","962,025","21,882,796","573,294","3,306,615","1,058,352,812","185,675,691","872,677,121"
,, 2019,,,,,,,,,,,,,,,,,,,,,,,,,,,,,,,,,,
May ,2018,May ,"1,708","15,226,663","8,340,046","1,806,116","3,450,122","107,683","1,522,695","63,095,593","55,324,969","923,718","2,144,837","119,014","4,583,055","63,095,593","61,704,640","1,390,953","10,713,010","9,673,230","704,012","152,190","183,579","9,400,019","3,981,056","5,418,962","999,762,042","957,788,713","14,399,987","873,135","22,491,568","409,787","3,798,852","999,762,042","188,010,908","811,751,134"
,, 2018,,,,,,,,,,,,,,,,,,,,,,,,,,,,,,,,,,
May ,2017,May ,"1,776","13,867,818","10,608,061","-1,496,085","3,339,482","21,650","1,394,710","58,925,006","47,287,987","5,121,594","2,399,860","70,685","4,044,879","58,925,006","57,947,389","977,616","10,687,232","9,241,624","1,196,431","120,166","129,011","9,613,472","4,616,807","4,996,666","975,847,414","736,671,648","213,052,193","1,546,226","20,961,506","228,257","3,387,584","975,847,414","201,716,620","774,130,794"
,, 2017,,,,,,,,,,,,,,,,,,,,,,,,,,,,,,,,,,
May ,2016,May ,"1,741","12,343,928","4,610,760","2,979,176","3,232,077","14,272","1,507,644","55,109,398","44,190,607","4,898,716","1,901,839","75,434","4,042,802","55,109,398","52,544,094","2,565,304","9,218,460","7,644,234","1,439,214",N/A,N/A,"7,968,736","4,439,186","3,529,550","946,347,713","703,019,651","217,320,307","1,522,225","20,397,886","314,962","3,772,682","946,347,713","194,721,999","751,625,714"
,, 2016,,,,,,,,,,,,,,,,,,,,,,,,,,,,,,,,,,
November ,2025,November ,"1,350","66,742,856","61,850,156","2,013,455","1,013,947","234,880","1,630,418","39,884,855","34,352,911","571,802","1,787,339","401,579","2,771,224","39,884,855","38,854,451","1,030,404","8,030,860","4,973,479","2,588,678",N/A,N/A,"3,216,704","1,120,588","2,096,117","917,357,793","878,291,712","9,372,473","3,191,447","21,847,213","1,729,799","2,925,148","917,357,793","167,919,635","749,438,159"
,, 2025,,,,,,,,,,,,,,,,,,,,,,,,,,,,,,,,,,
November ,2024,November ,"1,514","70,797,927","62,948,339","4,029,129","1,921,277","187,951","1,711,230","44,517,628","38,896,084","740,635","2,213,470","217,107","2,450,331","44,517,628","43,240,074","1,277,553","10,812,702","6,644,162","3,632,795","65,730","470,015","5,299,371","2,485,641","2,813,730","981,597,766","938,209,476","11,046,870","2,035,552","25,066,554","1,250,873","3,988,441","981,597,766","179,156,108","802,441,658"
,, 2024,,,,,,,,,,,,,,,,,,,,,,,,,,,,,,,,,,
November ,2023,November ,"1,576","164,864,742","156,748,287","4,079,109","1,831,164","89,084","2,117,099","52,569,677","45,723,007","843,735","3,041,209","199,475","2,762,249","52,569,677","51,297,998","1,271,679","12,890,983","7,301,859",N/A,"116,043",N/A,"5,446,153","2,991,501","2,454,652","974,902,268","931,295,526","13,234,821","1,639,341","23,682,118","1,176,914","3,873,548","974,902,268","192,166,771","782,735,496"
,, 2023,,,,,,,,,,,,,,,,,,,,,,,,,,,,,,,,,,
November ,2022,November ,"1,606","115,193,765","105,871,217","4,633,720","2,547,016","65,334","2,076,477","54,312,451","46,717,851","1,155,899","3,228,018","203,418","3,007,265","54,312,451","53,349,486","962,965","11,414,280","7,374,070",N/A,"73,851",N/A,"5,630,995","2,796,378","2,834,617","989,532,148","947,464,357","10,459,174","2,517,155","24,358,595","1,366,121","3,366,747","989,532,148","190,048,156","799,483,992"
,, 2022,,,,,,,,,,,,,,,,,,,,,,,,,,,,,,,,,,
November ,2021,November ,"1,640","127,595,189","118,173,154","3,584,136","3,815,825","201,807","1,820,267","57,961,625","50,497,917","709,325","3,618,148","246,581","2,889,653","57,961,625","57,447,918","513,707","12,471,729","8,854,913","3,016,655","75,984","524,177","7,179,190","3,312,751","3,866,439","999,471,601","958,434,478","11,885,378","1,750,553","22,108,097","1,358,637","3,934,457","999,471,601","192,052,247","807,419,354"
,, 2021,,,,,,,,,,,,,,,,,,,,,,,,,,,,,,,,,,
November ,2020,November ,"1,670","100,563,747","94,062,978","2,459,883","2,718,666","208,346","1,113,874","59,120,943","51,560,018","678,615","3,549,985","197,210","3,135,115","59,120,943","58,945,592","175,351","10,237,004","8,160,209","1,750,040","108,003","218,751","6,719,149","2,952,645","3,766,504","1,043,119,102","1,004,029,498","13,228,791","1,785,230","20,714,409","726,712","2,634,462","1,043,119,102","186,890,169","856,228,933"
,, 2020,,,,,,,,,,,,,,,,,,,,,,,,,,,,,,,,,,
November ,2019,November ,"1,683","122,350,668","115,121,091","4,232,379","1,756,943","60,820","1,179,435","59,024,123","51,121,414","918,205","3,650,131","157,877","3,176,496","59,024,123","58,188,082","836,041","8,802,385","7,624,122","762,052","104,559","311,652","6,543,552","3,482,722","3,060,830","1,113,088,654","1,067,838,253","17,925,929","2,009,360","21,475,366","782,343","3,057,404","1,113,088,654","198,338,437","914,750,217"
,, 2019,,,,,,,,,,,,,,,,,,,,,,,,,,,,,,,,,,
November ,2018,November ,"1,694","136,185,339","129,610,644","2,778,240","2,477,981","91,053","1,227,420","62,722,968","54,311,952","828,174","3,788,380","130,145","3,664,317","62,722,968","61,784,711","938,257","9,270,743","8,274,460","806,210","124,603","65,470","7,285,249","3,521,737","3,763,513","1,075,987,973","1,035,510,258","14,718,290","1,046,714","20,688,753","552,309","3,471,649","1,075,987,973","188,217,694","887,770,279"
,, 2018,,,,,,,,,,,,,,,,,,,,,,,,,,,,,,,,,,
November ,2017,November ,"1,757","132,032,497","98,529,216","30,042,122","2,164,779","3,261","1,293,119","64,477,331","50,504,399","6,419,451","3,851,284","91,387","3,610,810","64,477,331","63,155,408","1,321,924","7,806,987","6,402,170","1,242,351","87,461","75,005","6,491,907","3,763,210","2,728,697","1,084,622,614","853,976,040","205,819,036","607,038","21,014,634","270,701","2,935,165","1,084,622,614","204,182,963","880,439,652"
,, 2017,,,,,,,,,,,,,,,,,,,,,,,,,,,,,,,,,,
November ,2016,November ,"1,756","122,269,737","89,771,882","29,107,824","2,513,197",N/A,N/A,"64,212,216","50,972,715","5,814,147","3,726,244","141,644","3,557,466","64,212,216","62,574,264","1,637,952","8,597,277","7,175,625","1,184,197","179,741","57,714","7,028,181","4,636,152","2,392,030","1,060,647,201","836,754,970","199,053,666","1,002,252","19,225,340","330,334","4,280,640","1,060,647,201","193,313,829","867,333,372"
,, 2016,,,,,,,,,,,,,,,,,,,,,,,,,,,,,,,,,,
October ,2025,October ,"1,326","118,633,684","109,652,020","5,802,586","1,402,660","111,660","1,664,758","47,832,996","42,228,484","631,763","1,951,146","524,821","2,496,782","47,832,996",N/A,N/A,"9,735,973","5,489,707",N/A,"46,474",N/A,"3,731,853","1,484,572","2,247,281","898,164,870","858,271,728","9,935,080","3,830,642","21,635,866","1,528,545","2,963,010","898,164,870","177,109,881","721,054,989"
,, 2025,,,,,,,,,,,,,,,,,,,,,,,,,,,,,,,,,,
October ,2024,October ,"1,501","126,942,952","118,082,540","5,535,108","1,839,114","111,360","1,374,830","50,252,917","43,915,203","877,151","2,416,383","383,335","2,660,844","50,252,917","48,298,064","1,954,853","11,765,004","6,836,191","4,312,640","88,059","528,115","5,291,962","2,559,976","2,731,986","955,716,991","911,308,194","12,142,246","2,697,835","25,257,649","1,059,781","3,251,286","955,716,991","179,020,839","776,696,152"
,, 2024,,,,,,,,,,,,,,,,,,,,,,,,,,,,,,,,,,
October ,2023,October ,"1,569","115,978,113","107,444,947","3,287,427","2,507,997","194,105","2,543,637","51,264,019","44,401,774","801,294","2,572,761","176,216","3,311,974","51,264,019","49,600,923","1,663,095","13,569,840","8,012,346",N/A,"67,009",N/A,"5,155,455","2,471,479","2,683,976","862,390,952","817,526,868","13,147,839","2,097,809","24,790,828","1,126,061","3,701,547","862,390,952","192,567,095","669,823,857"
,, 2023,,,,,,,,,,,,,,,,,,,,,,,,,,,,,,,,,,
October ,2022,October ,"1,616","134,471,531","124,402,596","5,356,960","2,605,382","110,713","1,995,880","54,632,410","47,748,057","800,158","2,870,999","200,937","3,012,259","54,632,410","54,429,944","202,466","12,618,469","7,080,699",N/A,"86,892",N/A,"5,565,585","2,612,399","2,953,186","935,172,691","893,303,877","10,804,391","1,887,517","24,853,778","1,425,093","2,898,034","935,172,691","194,863,322","740,309,369"
,, 2022,,,,,,,,,,,,,,,,,,,,,,,,,,,,,,,,,,
October ,2021,October ,"1,652","153,257,722","144,972,903","3,028,255","3,206,796","184,074","1,865,694","55,015,764","47,797,540","636,578","3,616,890","197,335","2,767,420","55,015,764","54,726,354","289,410","12,185,061","8,875,281","2,799,540","132,813","377,428","7,253,891","3,010,582","4,243,310","938,586,426","897,260,277","12,431,434","2,095,010","21,584,914","1,384,747","3,830,045","938,586,426","201,665,342","736,921,084"
,, 2021,,,,,,,,,,,,,,,,,,,,,,,,,,,,,,,,,,
October ,2020,October ,"1,694","137,812,313","128,022,722","4,869,925","3,303,235","105,854","1,510,577","64,598,177","57,172,951","593,877","3,319,773","231,888","3,279,688","64,598,177","64,221,229","376,948","12,576,766","9,842,163","2,348,919",N/A,N/A,"8,105,053","3,369,999","4,735,054","1,014,517,075","975,370,279","12,275,609","1,763,212","21,850,481","686,569","2,570,925","1,014,517,075","194,645,223","819,871,852"
,, 2020,,,,,,,,,,,,,,,,,,,,,,,,,,,,,,,,,,
October ,2019,October ,"1,705","155,368,010","143,951,157","6,698,728","3,427,898","82,843","1,207,384","61,158,534","53,713,986","760,110","3,153,299","152,471","3,378,668","61,158,534","59,964,472","1,194,062","10,359,041","9,038,415","1,109,629",N/A,N/A,"7,504,481","3,156,706","4,347,774","1,053,294,085","1,008,673,968","15,504,050","2,345,046","23,152,949","803,270","2,814,802","1,053,294,085","204,275,599","849,018,486"
,, 2019,,,,,,,,,,,,,,,,,,,,,,,,,,,,,,,,,,
October ,2018,October ,"1,725","170,367,400","162,794,592","3,684,973","2,489,025","56,156","1,342,654","66,225,865","57,384,036","812,743","3,648,092","116,085","4,264,909","66,225,865","65,295,069","930,797","9,616,432","8,780,961","640,048","137,754","57,668","7,689,291","3,610,320","4,078,971","1,009,167,845","968,285,339","14,248,535","937,260","21,993,158","490,929","3,212,623","1,009,167,845","196,926,068","812,241,776"
,, 2018,,,,,,,,,,,,,,,,,,,,,,,,,,,,,,,,,,
October ,2017,October ,"1,779","181,387,967","152,046,737","24,947,472","2,971,313","10,735","1,411,710","64,459,833","51,095,584","5,963,247","3,357,936","75,410","3,967,657","64,459,833","63,306,081","1,153,752","8,292,099","6,644,523","1,471,849","111,446","64,283","6,472,085","3,957,517","2,514,567","1,021,064,727","808,063,090","185,696,381","702,039","23,357,754","315,521","2,929,942","1,021,064,727","215,318,822","805,745,905"
,, 2017,,,,,,,,,,,,,,,,,,,,,,,,,,,,,,,,,,
October ,2016,October ,"1,770","160,293,174","142,365,590","13,947,321","2,741,837","2,991","1,235,436","61,410,095","49,034,092","5,850,806","3,011,231","89,430","3,424,537","61,410,095","59,576,702","1,833,394","10,400,211","8,996,682","1,225,746","139,408","38,376","8,711,999","4,693,475","4,018,524","1,011,670,528","803,504,556","181,524,451","1,049,808","20,571,465","386,482","4,633,767","1,011,670,528","204,334,703","807,335,825"
,, 2016,,,,,,,,,,,,,,,,,,,,,,,,,,,,,,,,,,
September ,2025,September ,"3,304","82,157,043","74,372,728","3,349,101","1,543,589","336,474","2,555,151","50,690,952","43,815,685","664,751","1,706,020","525,891","3,978,605","50,690,952",N/A,N/A,"11,819,131","7,032,168","4,637,526",N/A,N/A,"4,842,913","1,368,035","3,474,878","861,609,634","818,490,010","9,719,373","2,830,505","25,094,362","1,793,020","3,682,364","861,609,634","188,487,482","673,122,152"
,, 2025,,,,,,,,,,,,,,,,,,,,,,,,,,,,,,,,,,
September ,2024,September ,"3,620","100,878,560","93,508,354","2,618,324","2,139,388","144,797","2,467,697","53,827,502","46,516,923","771,979","2,234,220","245,706","4,058,673","53,827,502","50,067,511","3,759,991","13,721,114","9,164,423","3,954,421","105,408","496,863","6,898,115","2,684,637","4,213,477","932,277,420","876,883,185","12,624,702","1,955,341","34,098,441","1,270,982","5,444,770","932,277,420","201,444,044","730,833,376"
,, 2024,,,,,,,,,,,,,,,,,,,,,,,,,,,,,,,,,,
September ,2023,September ,"3,735","67,750,045","60,074,911","2,717,048","2,019,204","156,499","2,782,383","55,448,726","47,763,381","786,089","2,501,857","238,883","4,158,515","55,448,726","54,007,444","1,441,282","12,590,193","7,432,283","4,513,867","36,186","607,858","4,895,611","2,311,821","2,583,790","831,891,959","783,946,557","14,061,252","2,315,188","25,561,983","1,284,532","4,722,446","831,891,959","203,191,882","628,700,076"
,, 2023,,,,,,,,,,,,,,,,,,,,,,,,,,,,,,,,,,
September ,2022,September ,"3,809","117,771,031","106,659,604","5,214,224","2,517,327","209,412","3,170,465","59,019,416","50,729,414","820,428","2,684,683","258,709","4,526,181","59,019,416","58,235,107","784,309","16,928,400","8,660,884","7,827,616","89,847","350,052","5,844,813","2,950,259","2,894,554","889,722,409","842,589,751","13,082,407","2,470,528","25,751,948","1,631,609","4,196,166","889,722,409","210,952,415","678,769,994"
,, 2022,,,,,,,,,,,,,,,,,,,,,,,,,,,,,,,,,,
September ,2021,September ,"3,685","113,613,849","101,400,305","6,338,076","2,698,021","236,706","2,940,741","62,704,797","54,383,417","731,974","2,709,228","296,548","4,583,630","62,704,797","61,849,393","855,404","15,239,068","11,470,975","2,999,980","117,414","650,699","7,780,197","2,891,521","4,888,676","871,681,713","827,073,807","13,640,240","1,984,355","22,816,820","1,523,957","4,642,533","871,681,713","211,234,151","660,447,562"
,, 2021,,,,,,,,,,,,,,,,,,,,,,,,,,,,,,,,,,
September ,2020,September ,"3,651","133,098,857","122,135,109","6,268,187","2,001,516","193,108","2,500,937","67,866,351","60,305,171","985,062","2,623,182","299,836","3,653,100","67,866,351","67,406,427","459,925","13,645,810","11,763,955","1,508,719",N/A,N/A,"9,285,402","3,334,783","5,950,619","970,364,799","926,089,349","13,921,231","2,990,440","22,810,737","946,349","3,606,692","970,364,799","208,137,337","762,227,462"
,, 2020,,,,,,,,,,,,,,,,,,,,,,,,,,,,,,,,,,
September ,2019,September ,"3,613","137,573,811","118,294,395","13,743,887","2,789,449","116,145","2,629,935","62,416,045","54,285,391","1,029,278","2,517,057","178,615","4,405,704","62,416,045","61,093,284","1,322,761","9,794,470","8,988,674","671,318","64,420","70,059","7,378,029","3,114,402","4,263,627","999,294,194","948,514,612","15,094,347","7,327,031","23,642,599","734,842","3,980,764","999,294,194","213,416,768","785,877,426"
,, 2019,,,,,,,,,,,,,,,,,,,,,,,,,,,,,,,,,,
September ,2018,September ,"3,562","138,736,869","122,561,489","11,041,073","2,862,001","56,806","2,215,499","60,100,257","52,353,272","624,157","2,333,018","122,547","4,667,263","60,100,257","58,647,350","1,452,906","8,978,038","8,297,505","502,232","112,031","66,270","7,074,924","2,820,106","4,254,818","939,665,221","889,340,342","19,150,646","2,650,301","23,490,979","578,616","4,454,338","939,665,221","210,821,256","728,843,965"
,, 2018,,,,,,,,,,,,,,,,,,,,,,,,,,,,,,,,,,
September ,2017,September ,"3,545","143,785,090","128,286,012","10,295,895","2,975,224","57,677","2,170,282","62,119,510","48,020,610","6,943,456","2,766,389","95,592","4,293,463","62,119,510","61,232,282","887,228","12,251,143","10,740,017","1,349,400","109,617","52,109","8,496,570","3,831,282","4,665,288","938,588,564","726,226,645","182,806,147","823,496","24,415,500","340,734","3,976,042","938,588,564","229,067,069","709,521,495"
,, 2017,,,,,,,,,,,,,,,,,,,,,,,,,,,,,,,,,,
September ,2016,September ,"3,430","158,239,705","142,199,304","11,359,862","2,653,933","130,992","1,895,613","65,046,497","49,645,956","7,650,771","3,065,544","124,746","4,559,480","65,046,497","63,104,949","1,941,548","11,230,857","9,968,757","1,022,179","176,895","63,026","9,227,381","4,931,370","4,296,011","943,390,959","728,103,164","188,191,971","1,026,508","21,000,869","379,973","4,688,474","943,390,959","216,597,536","726,793,423"
,, 2016,,,,,,,,,,,,,,,,,,,,,,,,,,,,,,,,,,